https://opensource4you.tw/airflow/meeting,https://meet.google.com/kxq-iowb-ojq,
https://opensource4you.tw/ambari/meeting,https://meet.google.com/hhj-zjud-awk,
https://opensource4you.tw/datafusion/meeting,https://meet.google.com/hgr-cmrf-udu,
https://opensource4you.tw/gravitino/meeting,https://meet.google.com/nwb-jgtj-nkt,
https://opensource4you.tw/kafka/meeting,https://meet.google.com/qyt-vryd-ied,
https://opensource4you.tw/ozone/meeting,https://meet.google.com/omr-hhqz-gte,
https://opensource4you.tw/yunikorn/meeting,https://meet.google.com/ohd-qmbh-nrb,
https://opensource4you.tw/gpu100/meeting,https://meet.google.com/tyi-gztk-bmw,
https://opensource4you.tw/techtalk/meeting,https://meet.google.com/uxt-ohwn-may,
https://opensource4you.tw,https://www.facebook.com/opensource4you,
https://opensource4you.tw/readme/facebook,https://www.facebook.com/opensource4you,
https://opensource4you.tw/readme/fund,https://github.com/opensource4you/readme/tree/main/sponsor,
https://opensource4you.tw/readme/plan,https://github.com/opensource4you/readme/blob/main/sponsor/%E5%8B%9F%E6%AC%BE%E5%BE%B5%E9%9B%86.pdf,
https://opensource4you.tw/readme/podcast,http://podcasts.apple.com/tw/podcast/%E6%BA%90%E4%BE%86%E9%81%A9%E4%BD%A0/id1674730463,
https://opensource4you.tw/readme/sponsor,https://ocf.neticrm.tw/civicrm/contribute/transact?reset=1&id=84,
https://opensource4you.tw/readme/calendar,https://calendar.google.com/calendar/u/0?cid=MzlmMjUyNzVkZDQxMWMyMDU0NGZhMzAxNzY3Yzg5YjE3YmQ1NTFlNGIzYWZkNWI1YzVmODY3OGU4MmZhNDg0OUBncm91cC5jYWxlbmRhci5nb29nbGUuY29t
https://opensource4you.tw/readme,https://github.com/opensource4you/readme,
https://opensource4you.tw/slack/join,https://join.slack.com/t/opensource4you/shared_invite/zt-3585ed66a-8XzY9sjynGFFrkIyK9EbLw,